{
  "original_performance": {
    "RandomForest": {
      "accuracy": 0.9999257829894612,
      "precision_macro": 0.999912831241283,
      "recall_macro": 0.9998727735368957,
      "f1_macro": 0.9998927666993893,
      "precision_weighted": 0.9999258218058894,
      "recall_weighted": 0.9999257829894612,
      "f1_weighted": 0.999925778527147,
      "auc": 0.9999999924574615,
      "cv_mean": 0.9999628873631472,
      "cv_std": 4.5453511649337874e-05
    },
    "LogisticRegression": {
      "accuracy": 0.9969571025679086,
      "precision_macro": 0.9939249583021152,
      "recall_macro": 0.9973103099258375,
      "f1_macro": 0.9956065262173329,
      "precision_weighted": 0.9969852161666934,
      "recall_weighted": 0.9969571025679086,
      "f1_weighted": 0.9969643084341184,
      "auc": 0.9996702367211436,
      "cv_mean": 0.9974764336563586,
      "cv_std": 0.00033400361376741876
    }
  },
  "adversarial_performance": {
    "RandomForest": {
      "accuracy": 0.1634355609654722,
      "precision_macro": 0.16348842739512773,
      "recall_macro": 0.3128872041273714,
      "f1_macro": 0.1850217365839133,
      "precision_weighted": 0.041225949281146944,
      "recall_weighted": 0.1634355609654722,
      "f1_weighted": 0.05713695982625747,
      "auc": 0.5941801931871045
    },
    "LogisticRegression": {
      "accuracy": 0.6333165098120713,
      "precision_macro": 0.31574023901251047,
      "recall_macro": 0.4553462752071143,
      "f1_macro": 0.3692429897553657,
      "precision_weighted": 0.4926398412821788,
      "recall_weighted": 0.6333165098120713,
      "f1_weighted": 0.5499003048367398,
      "auc": 0.6829698616065571
    }
  },
  "original_labelwise_performance": {
    "RandomForest": {
      "BENIGN": {
        "precision": 0.9994769874476988,
        "recall": 1.0,
        "f1_score": 0.999738425320429,
        "support": 1911,
        "predicted_count": 1912
      },
      "BRUTEFORCE": {
        "precision": 1.0,
        "recall": 1.0,
        "f1_score": 1.0,
        "support": 332,
        "predicted_count": 332
      },
      "DDoS": {
        "precision": 1.0,
        "recall": 0.999236641221374,
        "f1_score": 0.9996181748759069,
        "support": 1310,
        "predicted_count": 1309
      },
      "GTP_ENCAPSULATION": {
        "precision": 1.0,
        "recall": 1.0,
        "f1_score": 1.0,
        "support": 723,
        "predicted_count": 723
      },
      "GTP_MALFORMED": {
        "precision": 1.0,
        "recall": 1.0,
        "f1_score": 1.0,
        "support": 6413,
        "predicted_count": 6413
      },
      "INTRA-UPF-DOS": {
        "precision": 1.0,
        "recall": 1.0,
        "f1_score": 1.0,
        "support": 2785,
        "predicted_count": 2785
      }
    },
    "LogisticRegression": {
      "BENIGN": {
        "precision": 0.9937597503900156,
        "recall": 1.0,
        "f1_score": 0.9968701095461658,
        "support": 1911,
        "predicted_count": 1923
      },
      "BRUTEFORCE": {
        "precision": 0.9880597014925373,
        "recall": 0.9969879518072289,
        "f1_score": 0.992503748125937,
        "support": 332,
        "predicted_count": 335
      },
      "DDoS": {
        "precision": 0.9818867924528302,
        "recall": 0.9931297709923664,
        "f1_score": 0.9874762808349146,
        "support": 1310,
        "predicted_count": 1325
      },
      "GTP_ENCAPSULATION": {
        "precision": 1.0,
        "recall": 1.0,
        "f1_score": 1.0,
        "support": 723,
        "predicted_count": 723
      },
      "GTP_MALFORMED": {
        "precision": 0.9998435054773083,
        "recall": 0.9962576017464525,
        "f1_score": 0.9980473326564087,
        "support": 6413,
        "predicted_count": 6390
      },
      "INTRA-UPF-DOS": {
        "precision": 1.0,
        "recall": 0.9974865350089767,
        "f1_score": 0.9987416861405717,
        "support": 2785,
        "predicted_count": 2778
      }
    }
  },
  "adversarial_labelwise_performance": {
    "RandomForest": {
      "BENIGN": {
        "precision": 0.14558919890891914,
        "recall": 0.9996860939625406,
        "f1_score": 0.2541633413141793,
        "support": 9557,
        "predicted_count": 65623
      },
      "BRUTEFORCE": {
        "precision": 0.8353413654618473,
        "recall": 0.8776371308016878,
        "f1_score": 0.8559670781893004,
        "support": 1659,
        "predicted_count": 1743
      },
      "DDoS": {
        "precision": 0.0,
        "recall": 0.0,
        "f1_score": 0.0,
        "support": 6550,
        "predicted_count": 0
      },
      "GTP_ENCAPSULATION": {
        "precision": 0.0,
        "recall": 0.0,
        "f1_score": 0.0,
        "support": 3613,
        "predicted_count": 0
      },
      "GTP_MALFORMED": {
        "precision": 0.0,
        "recall": 0.0,
        "f1_score": 0.0,
        "support": 32061,
        "predicted_count": 0
      },
      "INTRA-UPF-DOS": {
        "precision": 0.0,
        "recall": 0.0,
        "f1_score": 0.0,
        "support": 13926,
        "predicted_count": 0
      }
    },
    "LogisticRegression": {
      "BENIGN": {
        "precision": 0.40932490932490934,
        "recall": 0.7321335147012661,
        "f1_score": 0.5250834865483471,
        "support": 9557,
        "predicted_count": 17094
      },
      "BRUTEFORCE": {
        "precision": 0.0,
        "recall": 0.0,
        "f1_score": 0.0,
        "support": 1659,
        "predicted_count": 2
      },
      "DDoS": {
        "precision": 0.0,
        "recall": 0.0,
        "f1_score": 0.0,
        "support": 6550,
        "predicted_count": 5920
      },
      "GTP_ENCAPSULATION": {
        "precision": 0.637888418079096,
        "recall": 1.0,
        "f1_score": 0.7789155977147785,
        "support": 3613,
        "predicted_count": 5664
      },
      "GTP_MALFORMED": {
        "precision": 0.8366180270954606,
        "recall": 0.9996569040266992,
        "f1_score": 0.9108995310501634,
        "support": 32061,
        "predicted_count": 38309
      },
      "INTRA-UPF-DOS": {
        "precision": 0.010610079575596816,
        "recall": 0.0002872325147206664,
        "f1_score": 0.0005593232189051248,
        "support": 13926,
        "predicted_count": 377
      }
    }
  },
  "feature_analysis": {},
  "correlation_analysis": {
    "threshold": 0.95,
    "removed_features": [
      "Fwd IAT Total",
      "Fwd IAT Mean",
      "Fwd IAT Std",
      "Fwd IAT Max",
      "Fwd IAT Min",
      "Fwd Header Length",
      "Fwd Packets/s",
      "Packet Length Variance",
      "PSH Flag Count",
      "Average Packet Size",
      "Fwd Segment Size Avg",
      "Bwd Segment Size Avg",
      "Active Max",
      "Active Min",
      "Idle Mean",
      "Idle Max",
      "Idle Min"
    ],