{
  "original_performance": {
    "RandomForest": {
      "accuracy": 0.9999257829894612,
      "precision_macro": 0.999912831241283,
      "recall_macro": 0.9998727735368957,
      "f1_macro": 0.9998927666993893,
      "precision_weighted": 0.9999258218058894,
      "recall_weighted": 0.9999257829894612,
      "f1_weighted": 0.999925778527147,
      "auc": 0.9999999924574615,
      "cv_mean": 0.9999628873631472,
      "cv_std": 4.5453511649337874e-05
    },
    "LogisticRegression": {
      "accuracy": 0.9969571025679086,
      "precision_macro": 0.9939249583021152,
      "recall_macro": 0.9973103099258375,
      "f1_macro": 0.9956065262173329,
      "precision_weighted": 0.9969852161666934,
      "recall_weighted": 0.9969571025679086,
      "f1_weighted": 0.9969643084341184,
      "auc": 0.9996702367211436,
      "cv_mean": 0.9974764336563586,
      "cv_std": 0.00033400361376741876
    }
  },
  "adversarial_performance": {
    "RandomForest": {
      "accuracy": 0.14186681708873913,
      "precision_macro": 0.023644469514789854,
      "recall_macro": 0.16666666666666666,
      "f1_macro": 0.04141370808037475,
      "precision_weighted": 0.020126193790889764,
      "recall_weighted": 0.14186681708873913,
      "f1_weighted": 0.03525138569522977,
      "auc": 0.509671881862556
    },
    "LogisticRegression": {
      "accuracy": 0.16425199655612624,
      "precision_macro": 0.28253407191199087,
      "recall_macro": 0.2136518386859114,
      "f1_macro": 0.1963276877829461,
      "precision_weighted": 0.17440207294264756,
      "recall_weighted": 0.16425199655612624,
      "f1_weighted": 0.1386163505871598,
      "auc": 0.5956316123785712
    }
  },
  "feature_analysis": {},
  "correlation_analysis": {
    "threshold": 0.95,
    "removed_features": [
      "Fwd IAT Total",
      "Fwd IAT Mean",
      "Fwd IAT Std",
      "Fwd IAT Max",
      "Fwd IAT Min",
      "Fwd Header Length",
      "Fwd Packets/s",
      "Packet Length Variance",
      "PSH Flag Count",
      "Average Packet Size",
      "Fwd Segment Size Avg",
      "Bwd Segment Size Avg",
      "Active Max",
      "Active Min",
      "Idle Mean",
      "Idle Max",
      "Idle Min"
    ],
    "remaining_features": [
      "Src Port",
      "Dst Port",
      "Protocol",
      "Flow Duration",
      "Total Fwd Packet",
      "Total Bwd packets",
      "Total Length of Fwd Packet",
      "Total Length of Bwd Packet",
      "Fwd Packet Length Max",
      "Fwd Packet Length Min",
      "Fwd Packet Length Mean",
      "Fwd Packet Length Std",
      "Bwd Packet Length Max",
      "Bwd Packet Length Min",
      "Bwd Packet Length Mean",
      "Bwd Packet Length Std",
      "Flow Bytes/s",
      "Flow Packets/s",
      "Flow IAT Mean",
      "Flow IAT Std",
      "Flow IAT Max",
      "Flow IAT Min",
      "Bwd IAT Total",
      "Bwd IAT Mean",
      "Bwd IAT Std",
      "Bwd IAT Max",
      "Bwd IAT Min",
      "Fwd PSH Flags",
      "Bwd PSH Flags",
      "Fwd URG Flags",
      "Bwd URG Flags",
      "Bwd Header Length",
      "Bwd Packets/s",
      "Packet Length Min",
      "Packet Length Max",
      "Packet Length Mean",
      "Packet Length Std",
      "FIN Flag Count",
      "SYN Flag Count",
      "RST Flag Count",
      "ACK Flag Count",
      "URG Flag Count",
      "CWR Flag Count",
      "ECE Flag Count",
      "Down/Up Ratio",
      "Fwd Bytes/Bulk Avg",
      "Fwd Packet/Bulk Avg",
      "Fwd Bulk Rate Avg",
      "Bwd Bytes/Bulk Avg",
      "Bwd Packet/Bulk Avg",
      "Bwd Bulk Rate Avg",
      "Subflow Fwd Packets",
      "Subflow Fwd Bytes",
      "Subflow Bwd Packets",
      "Subflow Bwd Bytes",
      "FWD Init Win Bytes",
      "Bwd Init Win Bytes",
      "Fwd Act Data Pkts",
      "Fwd Seg Size Min",
      "Active Mean",
      "Active Std",
      "Idle Std"
    ],
    "correlation_matrix_shape": [
      79,
      79
    ]
  },
  "feature_importance": {
    "RandomForest": {
      "top_10": [
        [
          "Bwd IAT Mean",
          0.07354560510289286
        ],
        [
          "Fwd Packet Length Min",
          0.05735390011320799
        ],
        [
          "SYN Flag Count",
          0.04968549953030787
        ],
        [
          "CWR Flag Count",
          0.046873923457573755
        ],
        [
          "Active Std",
          0.04554266668539505
        ],
        [
          "Fwd Packet Length Mean",
          0.045373105595911546
        ],
        [
          "Subflow Fwd Bytes",
          0.0451880482372804
        ],
        [
          "Fwd PSH Flags",
          0.040049411561575994
        ],
        [
          "FWD Init Win Bytes",
          0.03876068998280485
        ],
        [
          "Protocol",
          0.03618455556770432
        ]
      ],